item_pack_name_0	Booster Sale: Cat Food Pack!
item_pack_name_1	Booster Sale: Super Cat Food Pack!
item_pack_name_2	Booster Sale: Uber Cat Food Pack!
item_pack_name_3	Blitz Sale: Special Cat Food Set!
item_pack_name_4	Blitz Sale: Super Cat Food Set!
item_pack_name_5	Blitz Sale: Uber Cat Food Set!
item_pack_name_6	Special Offer: Buy a Rare Ticket!
item_pack_name_7	Special Offer: Platinum Ticket!
item_pack_purchased_title	<flash>%@</flash><br>
item_pack_purchased_item	%@ %d → <color=255,255,0>%d</color><br>
item_pack_purchased_xp	%@ %dXP → <color=255,255,0>%dXP</color><br>
item_pack_purchased_ticket	「%@」 %d → <color=255,255,0>%d</color><br>
battle_result_first_clear_bonus	<color=255,255,0>First Clear Reward</color><br>You got <flash>30 Cat Food!!</flash><br>Cat Energy is also <flash>fully recovered!!</flash>
energy_connecting	Updating Data…
energy_connection_failed	Energy recovery error.
user_rank_gift_1600_catseye_unlocked	<flash>Raise your Level Cap!</flash><br>Use a Catseye on certain Cats<br>to unlock higher levels for them!
user_rank_gift_no_more	<color=255,255,0>You have unlocked all available rewards<br>for now… More to come soon!</color>
user_rank_popup_title1	<color=255,255,0>User Rank Mission</color><br>
user_rank_popup_title2	<flash>User Rank %d Cleared!</flash><br>
user_rank_popup_title3	Pick up your User Rank Reward?
user_rank_full_recovery_energy	Your Cat Energy<flash> has been refilled!</flash>
data_upload_error_catfood_20000	Data may not be saved, as it appears to have been altered or hacked. Please contact User Support.
energy_connecting	Updating Data…
energy_connection_failed1	Error updating Energy data.
energy_connection_failed2	Please check your connection and try again.
energy_fraud1	Your device time may have been altered.
energy_fraud2	Energy will not recover for a short time.
gamatoto_connection	Updating Data…
gamatoto_connection_failed	Error calculating Expedition time. Check your connection and reboot the app.
gamatoto_fraud	Your device time may have been altered. Energy will not recover for a short time.
reset_item_reward	<color=255,255,0>Reward Availability Restored!</color><br>Previously cleared Rewards are available once again.<br>Complete tasks to receive them again!
reward_energy	Energy Recovery Chance!<br>Watch a video to get %d Energy back?</flash>
receive_energy	%d Energy recovered.
receive_energy_full	All Energy recovered.
network_unavailable_energy	An Energy recovery errror occurred. \n Please connect to a strong network!
network_unavailable_gamatoto	Cat Food total not updated. \n Please connect to a strong network!
001_img044.png	i001_img044_en.png
001_img044.imgcut	i001_img044_en.imgcut
001_img045.png	i001_img045_en.png
001_img045.imgcut	i001_img045_en.imgcut
021_e.png	i021_e_en.png
021_e.imgcut	i021_e_en.imgcut
000_gatya_rare.png	i000_gatya_rare_en.png
000_gatya_rare.imgcut	000_gatya_rare_en.imgcut
000_gatya.png	i000_gatya_en.png
000_gatya.imgcut	000_gatya_en.imgcut
003_gatya_tuika01.png	003_gatya_tuika01_en.png
003_gatya_tuika01.imgcut	003_gatya_tuika01_en.imgcut
002_bank.png	i002_bank_en.png
002_bank.imgcut	002_bank_en.imgcut
slot_copy_select	Units can be copied from Slot %d.<br>Copy or Replace Units?
slot_copy	Units copied from Slot %d.<br>Visit your desired Slot and tap Replace.<br>
slot_paste	This slot will be replaced with Units from Slot %d. <br>Are you sure?
instant_koyashi	5 maxed-out Capsules can be<br>traded for one Rare Ticket.<br>Trade maxed-out Capsules?<br>(Need %d more valid Capsules)
storage_koyashi	All maxed-out Capsules will be traded<br>to receive Rare Ticket(s).<br>Are you sure?<br>
have_koyashi	%d Capsules are valid for Trade.
tutorial_favoriteUnit	Tap the ☆ button to switch between<br>showing only your Favorite units or<br>showing all units you have collected.
tutorial_favoriteUnit_pictureBook1	<color=255,255,0>Setting Your Favorites ①</color><br>Once you have chosen some Favorite<br>Cats, you can tap the "Confirm ☆" button<br>to close the Favorites menu!
tutorial_favoriteUnit_pictureBook2	<color=255,255,0>Setting Your Favorites ②</color><br>You can tap the "☆" button on the Upgrade<br>or Equip menus to display ONLY those<br>Cats you chose as your Favorites!
everyplay_not_supported	This device is not supported.
everyplay_no_related_videos	No related media found.
cat_challenge01	<flash>Welcome to the Catclaw Dojo!</flash><br>A countdown battle with endless enemies.<br>Beat down as many as you can for the top<br>score! (Defeated enemies give no money.)
data_download_error_catfood_20000	Unauthorized Data Manipulation detected. This Save Data may not be transferred to another device. Please contact PONOS support.
cat_challenge_item	Use as many free Speed-Ups and<br>Cat CPUs as you like while fighting<br>in the Catclaw Dojo!
nekodojo_twitter	My Battle Cats scored %d pts. in the Catclaw Dojo: %@!\n%@
nekodojo_facebook	My Battle Cats scored %d pts. in the Catclaw Dojo: %@!\n%@
zombie_clear00	<flash>Outbreak Area: SECURED</flash><br>Received 10 Cat Food!
zombie_clear01	<flash>Quarantine Zone Secured!</flash><br>%@ Treasure Drop Rate increased!
zombie_clear02	<flash>All Quarantine Zones are secured!</flash><br>Max Energy increased by %d!
zombie_area_00	East Asia QZ 
zombie_area_01	Indian Ocean QZ
zombie_area_02	Himalaya-Rift QZ
zombie_area_03	Afro-Mediterranean QZ 
zombie_area_04	Alps QZ 
zombie_area_05	West Europe QZ 
zombie_area_06	North Atlantic QZ 
zombie_area_07	East Americas QZ
zombie_area_08	Pacific QZ
zombie_area_09	Fairbanks QZ
zombie_area_10	Mauna Kea QZ
receivedBoxText	Items not claimed within 30 days will be disabled.
receive_version_error	Update to the most recent version<br>before accepting your item rewards.
receive_network_error	Connection Error<br>Items could not be receieved.
receive_item_popup	%d %@(s)
receive_item_popup_xp	%d %@(s)
receive_item_popup_chara	Cat Unit: %@
receive_item_popup_chara_evolve	True Form: %@
receive_item_popup_last	received!
zombie_treasure	Quarantine Zone Secured!<br>%@ Treasure Drop Rate increased!
receive_list_network_error	Cannot display due to<br>connection error.
receive_item_none_popup	You currently have no items <br>available for collection.
serial_error_popup	Cannot receive items.<br>If you believe there is an error<br>please contact User Support.
star4_popup	<flash>Special/Rare Cats ONLY</flash><br>Take the challenge!!!
star4_warning	Can't use this unit!!!
star4_description	<flash>Special/Rare ONLY!</flash>
star4_restriction	You must have at least one<br>Special/Rare Cat in your formation!
ponos_games_url	https://ponos.s3.amazonaws.com/iphone/en/battlecats.html
zombie_comp	Quarantine Zone Secured!<br>%@ Treasure Drop Rate increased!<br>The world is safe from the Zombie invasion!<br>Max Energy has been increased!
maxcollab_mg	Collab Units unavailable outside of the Collab event period.
maxcollab_popup	<flash>You got a Special Cat: "%@"!</flash><br>Activate it at the Upgrade menu!
slot_set_error	<color=255,255,0>You have no Cat Units selected for your Army!</color>
shop_category1	Battle Items
shop_category2	XP
shop_category3	GAMATOTO
collabo_send_message	You got a reward usable in "%@"!<br>Launch the "%@" app?
collabo_send_title_0	
collabo_send_scheme_0	
collabo_send_url_0	
collabo_send_url_android_0	
collabo_send_title_1	
collabo_send_scheme_1	
collabo_send_url_1	
collabo_send_url_android_1	
collabo_send_title_2	
collabo_send_scheme_2	
collabo_send_url_2	
collabo_send_url_android_2	
collabo_send_title_3	
collabo_send_scheme_3	
collabo_send_url_3	
collabo_send_url_android_3	
collabo_send_title_4	
collabo_send_scheme_4	
collabo_send_url_4	
collabo_send_url_android_4	
collabo_send_title_5	
collabo_send_scheme_5	
collabo_send_url_5	
collabo_send_url_android_5	
collabo_send_title_14	
collabo_send_scheme_14	
collabo_send_url_14	
collabo_send_url_android_14	
collabo_send_title_6	
collabo_send_scheme_6	
collabo_send_url_6	
collabo_send_url_android_6	
collabo_send_title_7	
collabo_send_scheme_7	
collabo_send_url_7	
collabo_send_url_android_7	
collabo_send_title_8	
collabo_send_scheme_8	
collabo_send_url_8	
collabo_send_url_android_8	
collabo_send_title_9	
collabo_send_scheme_9	
collabo_send_url_9	
collabo_send_url_android_9	
collabo_send_title_10	
collabo_send_scheme_10	
collabo_send_url_10	
collabo_send_url_android_10	
collabo_send_title_11	
collabo_send_scheme_11	
collabo_send_url_11	
collabo_send_url_android_11	
collabo_send_title_12	Crash Fever
collabo_send_scheme_12	com.wonderplanet.crashfever://Nyanko?code=001
collabo_send_url_12	https://itunes.apple.com/us/app/crash-fever/id1146722894?ls=1&mt=8
collabo_send_url_android_12	https://play.google.com/store/apps/details?id=com.wonderplanet.CrashFever
collabo_send_title_13	Crash Fever
collabo_send_scheme_13	com.wonderplanet.crashfever://Nyanko?code=002
collabo_send_url_13	https://itunes.apple.com/us/app/crash-fever/id1146722894?ls=1&mt=8
collabo_send_url_android_13	https://play.google.com/store/apps/details?id=com.wonderplanet.CrashFever
scheme_item_param_0	
scheme_popup_0	<flash>%@ %@(s)</flash><br>Enjoy these collab event rewards!
scheme_item_param_1	
scheme_popup_1	<flash>%@ %@(s)</flash><br>Enjoy these collab event rewards!
scheme_item_param_2	
scheme_popup_2	<flash>You got a Special Cat: "%@"!</flash><br>Get it at the Upgrade menu!
scheme_item_param_3	
scheme_popup_3	<flash>You got a Special Cat: "%@"!</flash>
scheme_popup_3_option	<flash>You got a Special Cat: "%@"!</flash><br>Get it at the Upgrade menu!
scheme_popup_3_option_get	Reward successfully received!<br>Check it out at the Upgrade menu!
scheme_item_param_4	crashfever1-en
scheme_popup_4	<flash>You got a Special Cat: "%@"!</flash>
scheme_item_param_5	crashfever2-en
scheme_popup_5	<flash>%@%@</flash><br>Enjoy these collab event rewards!
scheme_item_param_6	crashfever3-en
scheme_popup_6	<flash>%@ %@(s)</flash><br>Enjoy these collab event rewards!
scheme_item_param_7	
scheme_popup_7	<flash><br></flash>
scheme_item_param_8	shoumetsu1
scheme_popup_8	<flash>You got a Special Cat: "%@"!</flash>
scheme_item_param_9	shoumetsu1
scheme_popup_9	<flash>%@ %@(s)</flash><br><flash>%@ %@(s)</flash><br>Enjoy these collab event rewards!
scheme_item_param_10	shoumetsu2
scheme_popup_10	<flash>%@ %@</flash><br><flash>%@ %@(s)</flash><br>Enjoy these collab event rewards!
scheme_item_param_11	shoumetsu3
scheme_popup_11	<flash>%@ %@(s)</flash><br>Enjoy these collab event rewards!
scheme_item_param_12	merc1
scheme_popup_12	<flash>You got a Special Cat: "%@"!</flash>
scheme_item_param_13	/kerihime_get_2017.html
scheme_popup_13	<flash>You got a Special Cat: "%@"!</flash>
scheme_item_param_14	/kerihime_get_2017.html
scheme_popup_14	<flash>%@ %@(s)</flash><br>Enjoy these collab event rewards!scheme_item_param_15	/namesuta_get_2017.htmlscheme_popup_15	<flash>You got a Special Cat: "%@"!</flash>scheme_popup_browser	Enjoy these event rewards!<br>Receive your gifts at the Cat Base!scheme_popup_browser_get	Event rewards successfully received!
rarity_limit_1	%@
rarity_limit_2	 and 
rarity_limit_3	 or 
rarity_limit_4	<flash>%@ only in this stage!</flash>
rarity_limit_5	<flash>%@ only in this stage!</flash><br>Take the challenge!!!
rarity_limit_6	You must have at least one<br>%@ Cat in your formation!
rarity_name_1	Normal
rarity_name_2	Special
rarity_name_3	Rare
rarity_name_4	Super Rare
rarity_name_5	Uber Rare
unlock_popup_message_0	<flash>The Treasure menu has been unlocked!</flash><br>Get Cat Treasures to activate<br>Cat Treasure Bonuses!
unlock_popup_message_1	<flash>The Upgrade screen has been unlocked!</flash><br>Tap "Upgrade" at the Cat Base to check it out!<br><br>Unlock Cat units and power up before battle!
unlock_popup_message_2	<flash>The Encyclopedia has been unlocked!</flash><br>You can read about all of the enemies<br>you've encountered here.
unlock_popup_message_3	<flash>The Item Shop is now open!</flash><br>You can buy many<br>useful items to use in battle here!<br>
unlock_popup_message_4	<flash>You unlocked the Cat Seeker!</flash><br>Filter through and inspect all <br>Cats you've picked up!
unlock_popup_message_5	<flash>GAMATOTO has been unlocked!</flash><br>Send them out on Expeditions<br>to collect various item rewards!
unlock_popup_message_6	<flash>New Items added to the store!</flash><br>Buy Catamins to shorten the<br>GAMATOTO Expedition!
unlock_popup_message_7	<flash>Raise your Level Cap!</flash><br>Use a Catseye on certain Cats<br>to unlock higher levels for them!
unlock_popup_message_8	<flash>A new event stage has been released!</flash><br>You can access it from the Title Screen
unlock_popup_message_9	<flash>A new chapter for "Empire of Cats" is available!</flash><br>Select "Empire of Cats" from the title screen<br>to take on new, challenging stages!
unlock_popup_message_10	<flash>A new chapter for "Empire of Cats" is available!</flash><br>Select "Empire of Cats" from the title screen<br>to take on new, challenging stages!
unlock_popup_message_11	<flash>Challenge mode has been unlocked!</flash><br>You can access it from the Main Menu.<br>You can now switch between Cat classes<br>using the Switch Class button!
unlock_popup_message_12	<flash>Cat Capsule Machine has been unlocked!</flash><br>You can access it from the Cat Base.
unlock_popup_message_13	<flash>新キャラメッセージ</flash>
unlock_popup_message_14	<flash>Clear Bonus!</flash><br>Special Cat [Bean Cats] unlocked!<br>Activate it at the Upgrade menu.
unlock_popup_message_15	<flash>All Clear Bonus!</flash><br>You got 「Moneko」!<br>Activate it at the Upgrade menu.
unlock_popup_message_16	<flash>The Stories of Legend has been unlocked!</flash><br>Regular event stages can also be<br>accessed from Stories of Legend!
unlock_popup_message_17	<flash>A new adventure has appeared!</flash><br>Select "Into the Future" from the title screen<br>to take on this fresh challenge!
unlock_popup_message_18	<flash>All Filter enabled!</flash><br>You can see all capsules in your Storage.<br>Visit the Upgrade menu and have a look!
unlock_popup_message_19	<flash>The Organize menu has been unlocked!</flash><br>You can now organize the Cats you want<br>to bring into battle.
unlock_popup_message_20	<flash>Battle Formations increased!</flash><br>Up to three formations may now be<br>readied by visiting the Equip screen.
unlock_popup_message_21	<flash>User Rank unlocked!</flash><br>Reach the goal rank to acquire rewards!<br>Rank is determined by total Upgrade score.
unlock_popup_message_22	<flash>CatCombo unlocked!</flash><br>Arrange your units to unlock a power bonus!<br>Visit the Combo List menu for more info!
unlock_popup_message_23	<flash>The Catclaw Dojo is now open!</flash><br>Challenge the Hall of Initiates<br>and test your Cats' skill!
unlock_popup_message_24	<flash>All Clear Bonus!</flash><br>A new CatCombo has been unlocked!<br>Visit the Combo List menu for more<br>information on your new skill.
unlock_popup_message_25	<flash>A new chapter of the Future saga is here!</flash><br>Select "Into the Future" from the title screen<br>to take on this fresh challenge!
unlock_popup_message_26	<flash>A new chapter of the Future saga is here!</flash><br>Select "Into the Future" from the title screen<br>to take on this fresh challenge!
unlock_popup_message_27	<flash>All Clear Bonus!</flash><br>Special Character:<br>You unlocked Valkyrie Cat's True Form!<br>Evolve her at level 20 to use it!
unlock_popup_message_28	<flash>All Clear Bonus!</flash><br>A new CatCombo has been unlocked!<br>Visit the Combo List menu for more<br>information on your new skill.
unlock_popup_message_29	<flash>All Clear Bonus!</flash><br>Special Character:<br>You unlocked Bahamut Cat's True Form!<br>Evolve him at level 20 to use it!
unlock_popup_message_30	<flash>All Clear Bonus!</flash><br>A new CatCombo has been unlocked!<br>Visit the Combo List menu for more<br>information on your new skill.
unlock_popup_message_31	<flash>Catfruit Storage unlocked!</flash><br>View the Catfruit and Seeds<br>you've collected so far!
unlock_popup_message_32	<flash>You can now record and share your battles!</flash><br>Choose to Auto-Record your epic fights at<br>the Settings menu by tapping the ON button.<br>Recording auto-stops once the battle ends.
unlock_popup_message_33	<flash>You can now watch others' play videos!</flash><br>Visit the Settings menu from the Title Screen<br>to search for and view Battle Cats media.
unlock_popup_message_34	<flash>The level cap has been increased!</flash><br>Your Cats can become even<br>more powerful now!
unlock_popup_message_35	<flash>There is a new Cat</flash><br>waiting to be upgraded!
unlock_popup_message_36	<flash>There is a new Cat</flash><br>waiting to be upgraded!
unlock_popup_message_37	<flash>There is a new Cat</flash><br>waiting to be upgraded!
unlock_popup_message_38	<flash>There is a new Cat</flash><br>waiting to be upgraded!
unlock_popup_message_39	<flash>There is a new Cat</flash><br>waiting to be upgraded!
unlock_popup_message_40	<flash>There is a new Cat</flash><br>waiting to be upgraded!
unlock_popup_message_41	<flash>There is a new Cat</flash><br>waiting to be upgraded!
unlock_popup_message_42	<flash>There is a new Cat</flash><br>waiting to be upgraded!
unlock_popup_message_43	<flash>There is a new Cat</flash><br>waiting to be upgraded!
unlock_popup_message_44	<flash>There is a new Cat</flash><br>waiting to be upgraded!
unlock_popup_message_45	<flash>There is a new Cat</flash><br>waiting to be upgraded!
unlock_popup_message_46	<flash>There is a new Cat</flash><br>waiting to be upgraded!
unlock_popup_message_47	<flash>There is a new Cat</flash><br>waiting to be upgraded!
unlock_popup_message_48	<flash>There is a new Cat</flash><br>waiting to be upgraded!
unlock_popup_message_49	<flash>All Clear Bonus!</flash><br>You got %@!<br>Unlock it at the Upgrade menu!
unlock_popup_message_50	<flash>All Clear Bonus!</flash><br>You got %@!<br>Unlock it at the Upgrade menu!
unlock_popup_message_51	<flash>Clear Bonus!</flash><br>You got 「%@」!<br>Unlock it at the Upgrade menu!
unlock_popup_message_52	<flash>Clear Bonus!</flash><br>You got 「%@」!<br>Unlock it at the Upgrade menu!
unlock_popup_message_53	<flash>All Clear Bonus!</flash><br>Special Unit:<br>%@'s True form acquired!<br>Evolve after reaching Level 20!
unlock_popup_message_54	<flash>All Clear Bonus!</flash><br>Special Unit:<br>%@'s True form acquired!<br>Evolve after reaching Level 20!
unlock_popup_message_55	<flash>Ototo Corps has been unlocked!</flash><br>Build and enhance your Cat Base<br>and its Cat Cannon abilities!<br>Check it out at the Gamatoto menu!Castle_Tutorial00	<flash>Welcome to the Ototo Corps!</flash><br>Change the look of your Cat Base<br>and enhance it's combat abilities!Castle_Tutorial01	Tap the Chief Engineer to start!<br>Select a blueprint to start building!Castle_Tutorial02	Tap "Change" to select a new<br>style for your Cat Base!Castle_part00	FoundationCastle_part01	StyleCastle_part02	EffectCastle_dev_finish00	<flash>Base enhancement complete!</flash>Castle_dev_finish01	<flash>%@'s %@ built!</flash>Castle_dev_finish02	<flash>%@ has been enhanced!</flash>Castle_lock00	To build up your Cat Base,<br>Cannon Power ・ Cannon Range ・ Cannon Charge<br>must all be powered up to Level 10.Castle_lock01	This upgrade first requires<br>%@<br>before it can be built.Castle_lock02	Building this upgrade requires<br>%@ to be built first.Castle_lock03	Not enough materials...<br>※Collect materials from Stories of Legend.Castle_lock03a	Not enough Engineers.<br>※Recruit Engineers from Gamatoto expeditions.Castle_lock04	Max level achieved!<br>No further upgrades are possible<br>in the current version of the game.Castle_researcher	Recruited to the Ototo Engineer Corps.<br>Can only be used for one project.Castle_dev_suspend	Cancel this project?<br>Engineers/Materials will not be recovered!Castle_researcher_name00	Engineer #%dCastle_researcher_name01	EngineerCastle_researcher_counter	Current Engineers: Castle_researcher_desc	Assistants to the Cat Base's Chief Engineer.<br>※Leaves forever after project cancellation.Castle_dev_start00	Base Enhancement will begin.Castle_dev_start01	Develop %@'s %@?Castle_dev_start02	Enhance %@?Castle_material_drop00	<flash>Material found!</flash><br>Castle_material_drop01	 ×Castle_researcher_get	I found an %@!Castle_UnlockDataId_1	Rank 600 and a completed Slow BeamCastle_UnlockDataId_2	Rank 900 and a completed Iron Walllocal_notification_custom	Cat Base developed!Castle_AutoChange	All parts changed!!Castle_shoter00	Use %@?,Project time will be shortened by %d hours.Castle_shoter01	Project time shortened by , hours!castle_connection_failed	Failed to confirm remaining project time. Check your network connection!castle_fraud	Device time may have changed. Do not make further changes to your clock.beacon_event_date	開催期間: %d年%d月%d日～%d年%d月%d日までbeacon_event_before	にゃんこビーコンのイベントは<br>現在、開催してないにゃbeacon_event_held	にゃんこビーコン電波を<br>検索してるにゃ～beacon_event_held2	イベント報酬を受け取ると<br>取得済マークがつくにゃbeacon_bluetooth_off	にゃんこビーコン受信するなら<br>Bluetoothをオンにして<br>ほしいにゃ～beacon_location_off	にゃんこビーコン受信するなら<br>位置情報の利用を許可して<br>ほしいにゃ～beacon_location_authorization	にゃんこビーコン受信するなら<br>位置情報の利用を許可して<br>ほしいにゃ～beacon_pushinfo_off	にゃんこビーコン受信するなら<br>プッシュ通知設定をオンにするにゃbeacon_wifi_off	にゃんこビーコン受信するなら<br>Wi-Fiをオンにするにゃbeacon_reward_before	にゃんこビーコン報酬はまだ取得していませんbeacon_reward_received	にゃんこビーコン報酬は受け取り済みですbeacon_event_2017520	京都みやこめっせで記念キャラを取得しよう！<br>5/20～5/21に開催されるBitSummit2017会場の<br>にゃんこブースに訪問すれば<br>記念キャラ「ネコまねき」を取得可能！<br>※にゃんこビーコン受信設定が必要です<br>※詳細はバナーをタップ！beacon_unsupported_device	この端末/OSバージョンには対応していません