247,246,245,211,210,209,-1,0,				// 0:NG【4.5.0】にゃんこ福引
205,206,207,208,209,210,211,-1,1,			// 1:  【4.2.0】モンハン大狩猟クエスト
266,265,264,263,262,247,246,245,211,210,209,-1,2,	// 2:  【4.7.0】にゃんパズル＆ねば～る君
313,312,311,247,246,245,211,210,209,-1,0,		// 3:NG【5.7.0】2016にゃんこ福引
313,312,311,247,246,245,211,210,209,-1,0,		// 4:NG【5.10.0】にゃんこ福引2017春
313,312,311,247,246,245,211,210,209,-1,0,		// 5:  【6.0.0】にゃんこ福引2017GW
313,312,311,247,246,245,211,210,209,-1,0,		// 6:  【6.1.0】にゃんこ福引2017梅雨
-1,0,	//7セット(ユニット)
-1,0,	//8セット(ユニット)
-1,0,	//9セット(ユニット)
-1,0,	//10セット(ユニット)
-1,0,	//11セット(ユニット)
-1,0,	//12セット(ユニット)
-1,0,	//13セット(ユニット)
-1,0,	//14セット(ユニット)
-1,0,	//15セット(ユニット)
-1,0,	//16セット(ユニット)
-1,0,	//17セット(ユニット)
-1,0,	//18セット(ユニット)
-1,0,	//19セット(ユニット)
-1,0,	//20セット(ユニット)
-1,0,	//21セット(ユニット)
-1,0,	//22セット(ユニット)
-1,0,	//23セット(ユニット)
-1,0,	//24セット(ユニット)
-1,0,	//25セット(ユニット)
-1,0,	//26セット(ユニット)
-1,0,	//27セット(ユニット)
-1,0,	//28セット(ユニット)
-1,0,	//29セット(ユニット)
-1,0,	//30セット(ユニット)
-1,0,	//31セット(ユニット)
-1,0,	//32セット(ユニット)
-1,0,	//33セット(ユニット)
-1,0,	//34セット(ユニット)
-1,0,	//35セット(ユニット)
-1,0,	//36セット(ユニット)
-1,0,	//37セット(ユニット)
-1,0,	//38セット(ユニット)
-1,0,	//39セット(ユニット)
-1,0,	//40セット(ユニット)
-1,0,	//41セット(ユニット)
-1,0,	//42セット(ユニット)
-1,0,	//43セット(ユニット)
-1,0,	//44セット(ユニット)
-1,0,	//45セット(ユニット)
-1,0,	//46セット(ユニット)
-1,0,	//47セット(ユニット)
-1,0,	//48セット(ユニット)
-1,0,	//49セット(ユニット)
-1,0,	//50セット(ユニット)
-1,0,	//51セット(ユニット)
-1,0,	//52セット(ユニット)
-1,0,	//53セット(ユニット)
-1,0,	//54セット(ユニット)
-1,0,	//55セット(ユニット)
-1,0,	//56セット(ユニット)
-1,0,	//57セット(ユニット)
-1,0,	//58セット(ユニット)
-1,0,	//59セット(ユニット)
-1,0,	//60セット(ユニット)
-1,0,	//61セット(ユニット)
-1,0,	//62セット(ユニット)
-1,0,	//63セット(ユニット)
-1,0,	//64セット(ユニット)
-1,0,	//65セット(ユニット)
-1,0,	//66セット(ユニット)
-1,0,	//67セット(ユニット)
-1,0,	//68セット(ユニット)
-1,0,	//69セット(ユニット)
-1,0,	//70セット(ユニット)
-1,0,	//71セット(ユニット)
-1,0,	//72セット(ユニット)
-1,0,	//73セット(ユニット)
-1,0,	//74セット(ユニット)
-1,0,	//75セット(ユニット)
-1,0,	//76セット(ユニット)
-1,0,	//77セット(ユニット)
-1,0,	//78セット(ユニット)
-1,0,	//79セット(ユニット)
-1,0,	//80セット(ユニット)
-1,0,	//81セット(ユニット)
-1,0,	//82セット(ユニット)
-1,0,	//83セット(ユニット)
-1,0,	//84セット(ユニット)
-1,0,	//85セット(ユニット)
-1,0,	//86セット(ユニット)
-1,0,	//87セット(ユニット)
-1,0,	//88セット(ユニット)
-1,0,	//89セット(ユニット)
-1,0,	//90セット(ユニット)
-1,0,	//91セット(ユニット)
-1,0,	//92セット(ユニット)
-1,0,	//93セット(ユニット)
-1,0,	//94セット(ユニット)
-1,0,	//95セット(ユニット)
-1,0,	//96セット(ユニット)
-1,0,	//97セット(ユニット)
-1,0,	//98セット(ユニット)
-1,0,	//99セット(ユニット)
-1,0,	//100セット(ユニット


(ユニット)
//注意!!ユニットの番号ではなく画像番号なので注意!!NO.がひとつ少ない。
//ネコカンで回す	or レアガチャチケット
//-1の後は自動的に-1がすべて入る。(-1は存在しないと意味です。)
//0:ネコ
//1:タンクネコ～
//52,51,50,49,48,47,46,44,43,42,41,40,39,38,37,36,35,34,33,32,31,30,-1,	ALLセット(ユニット)

//追加
//-1,の後に追加
//0:基本ガチャ
//1:ダイナマイツガチャ
//2:バサラーズガチャ
//3:ギャラクシーギャルズ
//4:ドラゴンエンペラーズ
//5：レッドバスターズ
//6：ウルトラソウルズ
//…　現在は無し
//16:スペシャル
//17:コラボガチャ