-1,0,	//0セット(アイテム)
-1,0,	//1セット(アイテム)
-1,0,	//2セット(アイテム)
-1,0,	//3セット(アイテム)
-1,0,	//4セット(アイテム)
-1,0,	//5セット(アイテム)
-1,0,	//6セット(アイテム)
-1,0,	//7セット(アイテム)
-1,0,	//8セット(アイテム)
-1,0,	//9セット(アイテム)
-1,0,	//10セット(アイテム)
-1,0,	//11セット(アイテム)
-1,0,	//12セット(アイテム)
-1,0,	//13セット(アイテム)
-1,0,	//14セット(アイテム)
-1,0,	//15セット(アイテム)
-1,0,	//16セット(アイテム)
-1,0,	//17セット(アイテム)
-1,0,	//18セット(アイテム)
-1,0,	//19セット(アイテム)
-1,0,	//20セット(アイテム)
-1,0,	//21セット(アイテム)
-1,0,	//22セット(アイテム)
-1,0,	//23セット(アイテム)
-1,0,	//24セット(アイテム)
-1,0,	//25セット(アイテム)
-1,0,	//26セット(アイテム)
-1,0,	//27セット(アイテム)
-1,0,	//28セット(アイテム)
-1,0,	//29セット(アイテム)
-1,0,	//30セット(アイテム)
-1,0,	//31セット(アイテム)
-1,0,	//32セット(アイテム)
-1,0,	//33セット(アイテム)
-1,0,	//34セット(アイテム)
-1,0,	//35セット(アイテム)
-1,0,	//36セット(アイテム)
-1,0,	//37セット(アイテム)
-1,0,	//38セット(アイテム)
-1,0,	//39セット(アイテム)
-1,0,	//40セット(アイテム)
-1,0,	//41セット(アイテム)
-1,0,	//42セット(アイテム)
-1,0,	//43セット(アイテム)
-1,0,	//44セット(アイテム)
-1,0,	//45セット(アイテム)
-1,0,	//46セット(アイテム)
-1,0,	//47セット(アイテム)
-1,0,	//48セット(アイテム)
-1,0,	//49セット(アイテム)
-1,0,	//50セット(アイテム)
-1,0,	//51セット(アイテム)
-1,0,	//52セット(アイテム)
-1,0,	//53セット(アイテム)
-1,0,	//54セット(アイテム)
-1,0,	//55セット(アイテム)
-1,0,	//56セット(アイテム)
-1,0,	//57セット(アイテム)
-1,0,	//58セット(アイテム)
-1,0,	//59セット(アイテム)
-1,0,	//60セット(アイテム)
-1,0,	//61セット(アイテム)
-1,0,	//62セット(アイテム)
-1,0,	//63セット(アイテム)
-1,0,	//64セット(アイテム)
-1,0,	//65セット(アイテム)
-1,0,	//66セット(アイテム)
-1,0,	//67セット(アイテム)
-1,0,	//68セット(アイテム)
-1,0,	//69セット(アイテム)
-1,0,	//70セット(アイテム)
-1,0,	//71セット(アイテム)
-1,0,	//72セット(アイテム)
-1,0,	//73セット(アイテム)
-1,0,	//74セット(アイテム)
-1,0,	//75セット(アイテム)
-1,0,	//76セット(アイテム)
-1,0,	//77セット(アイテム)
-1,0,	//78セット(アイテム)
-1,0,	//79セット(アイテム)
-1,0,	//80セット(アイテム)
-1,0,	//81セット(アイテム)
-1,0,	//82セット(アイテム)
-1,0,	//83セット(アイテム)
-1,0,	//84セット(アイテム)
-1,0,	//85セット(アイテム)
-1,0,	//86セット(アイテム)
-1,0,	//87セット(アイテム)
-1,0,	//88セット(アイテム)
-1,0,	//89セット(アイテム)
-1,0,	//90セット(アイテム)
-1,0,	//91セット(アイテム)
-1,0,	//92セット(アイテム)
-1,0,	//93セット(アイテム)
-1,0,	//94セット(アイテム)
-1,0,	//95セット(アイテム)
-1,0,	//96セット(アイテム)
-1,0,	//97セット(アイテム)
-1,0,	//98セット(アイテム)
-1,0,	//99セット(アイテム)
-1,0,	//100セット(アイテム)
-1,0,	//101セット（アイテム）
-1,0,	//102セット（アイテム）
-1,0,	//103セット（アイテム）
-1,0,	//104セット（アイテム）
-1,0,	//105セット（アイテム）
-1,0,	//106セット（アイテム）
-1,0,	//107セット（アイテム）
-1,0,	//108セット（アイテム）
-1,0,	//109セット（アイテム）
-1,0,	//110セット（アイテム）
-1,0,	//111セット（アイテム）
-1,0,	//112セット（アイテム）
-1,0,	//113セット（アイテム）
-1,0,	//114セット（アイテム）
-1,0,	//115セット（アイテム）
-1,0,	//116セット（アイテム）
-1,0,	//117セット（アイテム）
-1,0,	//118セット（アイテム）
-1,0,	//119セット（アイテム）
-1,0,	//120セット（アイテム）
-1,0,	//121セット（アイテム）
-1,0,	//122セット（アイテム）
-1,0,	//123セット（アイテム）
-1,0,	//124セット（アイテム）
-1,0,	//125セット（アイテム）
-1,0,	//126セット（アイテム）
-1,0,	//127セット（アイテム）
-1,0,	//128セット（アイテム）
-1,0,	//129セット（アイテム）
-1,0,	//130セット（アイテム）
-1,0,	//131セット（アイテム）
-1,0,	//132セット（アイテム）
-1,0,	//133セット（アイテム）
-1,0,	//134セット（アイテム）
-1,0,	//135セット（アイテム）
-1,0,	//136セット（アイテム）
-1,0,	//137セット（アイテム）
-1,0,	//138セット（アイテム）
-1,0,	//139セット（アイテム）
-1,0,	//140セット（アイテム）
-1,0,	//141セット（アイテム）
-1,0,	//142セット（アイテム）
-1,0,	//143セット（アイテム）
-1,0,	//144セット（アイテム）
-1,0,	//145セット（アイテム）
-1,0,	//146セット（アイテム）
-1,0,	//147セット（アイテム）
-1,0,	//148セット（アイテム）
-1,0,	//149セット（アイテム）
-1,0,	//150セット（アイテム）
-1,0,	//151セット（アイテム）
-1,0,	//152セット（アイテム）
-1,0,	//153セット（アイテム）
-1,0,	//154セット（アイテム）
-1,0,	//155セット（アイテム）
-1,0,	//156セット（アイテム）
-1,0,	//157セット（アイテム）
-1,0,	//158セット（アイテム）
-1,0,	//159セット（アイテム）
-1,0,	//160セット（アイテム）
-1,0,	//161セット（アイテム）
-1,0,	//162セット（アイテム）
-1,0,	//163セット（アイテム）
-1,0,	//164セット（アイテム）
-1,0,	//165セット（アイテム）
-1,0,	//166セット（アイテム）
-1,0,	//167セット（アイテム）
-1,0,	//168セット（アイテム）
-1,0,	//169セット（アイテム）
-1,0,	//170セット（アイテム）
-1,0,	//171セット（アイテム）
-1,0,	//172セット（アイテム）
-1,0,	//173セット（アイテム）
-1,0,	//174セット（アイテム）
-1,0,	//175セット（アイテム）
-1,0,	//176セット（アイテム）
-1,0,	//177セット（アイテム）
-1,0,	//178セット（アイテム）
-1,0,	//179セット（アイテム）
-1,0,	//180セット（アイテム）
-1,0,	//181セット（アイテム）
-1,0,	//182セット（アイテム）
-1,0,	//183セット（アイテム）
-1,0,	//184セット（アイテム）